"goodsImg","beiyong1","goodsName","beiyong2","goodsPrice"
"https://res.lancome.com.cn/resources/2020/6/30/15935322963279753_460X460.jpg?version=20200623223328916","50ml","第二代小黑瓶","Advanced Génifique Valueset","¥ 1080"
"https://res.lancome.com.cn/resources/2020/6/30/15935322665474488_460X460.jpg?version=20200623223328916","400 ml","口碑粉水","Tonique Confort Valueset","¥ 420"
"https://res.lancome.com.cn/resources/2020/6/30/15935321540901421_460X460.jpg?version=20200623223328916","20ml","大眼精华","Génifique Yeux Light-Pearl Valueset","¥ 680"
"https://res.lancome.com.cn/resources/2020/6/30/15935322488644471_460X460.jpg?version=20200623223328916","15ml","发光眼霜","Génifique Yeux Valueset","¥ 520"
"https://res.lancome.com.cn/resources/2020/6/30/15935321272784754_460X460.jpg?version=20200623223328916","50ml","雪花霜","Rénergie Multi-Lift Ultra Valueset","¥ 895"
"https://res.lancome.com.cn/resources/2020/6/30/15935321421289155_460X460.jpg?version=20200623223328916","50ml","水份缘凝霜","Hydra Zen Valueset","¥ 575"
"https://res.lancome.com.cn/resources/2020/6/30/15935321981862686_460X460.jpg?version=20200623223328916","20ml","菁纯眼霜","Absolue Revitalizing Eye Cream Valueset","¥ 1080"
"https://res.lancome.com.cn/resources/2020/6/30/15935319565373500_460X460.jpg?version=20200623223328916","30ml 轻盈版","菁纯面霜","Absolue Soft Cream Valueset","¥ 1380"
"https://res.lancome.com.cn/resources/2020/6/30/15935321332349194_460X460.jpg?version=20200623223328916","150 ml","兰蔻极光水","Clarifique Dual Essence Valueset","¥ 790"
"https://res.lancome.com.cn/resources/2020/6/30/15935322252881818_460X460.jpg?version=20200623223328916","15ml","塑颜眼霜","Rénergie Yeux Multi-Lift Valueset","¥ 560"
"https://res.lancome.com.cn/resources/2020/6/30/15935321025419098_460X460.jpg?version=20200623223328916","50ml","水份缘乳液","Hydra Zen Moisturizer","¥ 490"
"https://res.lancome.com.cn/resources/2020/6/30/15935320646269091_460X460.jpg?version=20200623223328916","125ml","全新极光洁面","Clarifique Pore Refining Cleansing Foam","¥ 350"
"https://res.lancome.com.cn/resources/2020/6/30/15935321207071708_460X460.jpg?version=20200623223328916","30ml","全新极光精华","CLARIFIQUE SPOT ERASER","¥ 830"
"https://res.lancome.com.cn/resources/2020/6/30/15935319643757286_460X460.jpg?version=20200623223328916","50ml","全新极光5号霜","Clarifique Brightening Plumping Milky Cream","¥ 740"
"https://res.lancome.com.cn/resources/2020/6/30/15935322323704140_460X460.jpg?version=20200623223328916","30ml","小白管防晒","UV Expert Aqua Gel Set","¥ 480"
"https://res.lancome.com.cn/resources/2020/6/30/15935323248964776_460X460.jpg?version=20200623223328916","30ml","菁纯防晒乳","Absolue Precious Cells UV Valueset","¥ 890"
"https://res.lancome.com.cn/resources/2020/6/30/15935319920605980_460X460.jpg?version=20200623223328916","150ml","菁纯精萃水","Absolue Rose 80 Valueset","¥ 860"
"https://res.lancome.com.cn/resources/2020/6/30/15935323100151374_460X460.jpg?version=20200623223328916","套装","塑颜凝露水","Renergie Multi-Lift Gel-In-Lotion Valueset","¥ 560"
"https://res.lancome.com.cn/resources/2020/6/30/15935321744578914_460X460.jpg?version=20200623223328916","套装","塑颜水+雪花霜","Rénergie Multi-Lift Ultra Cream & Gel-In-Lotion Duo","¥ 1455"
"https://res.lancome.com.cn/resources/2020/6/30/15935321644684951_460X460.jpg?version=20200623223328916","套装","口碑粉水+水份缘凝霜","Tonique Confort & Hydra Zen Facial Duo","¥ 995"
"https://res.lancome.com.cn/resources/2020/6/30/15935321659933619_460X460.jpg?version=20200623223328916","套装（小黑&安瓶）","第二代「小黑瓶」&安瓶套装","Advanced Génifique Sensitive Duo","¥ 1450"
"https://res.lancome.com.cn/resources/2020/6/30/15935319483066438_460X460.jpg?version=20200623223328916","套装","口碑粉水+第二代小黑瓶","Advanced Génifique & Tonique Confort Facial Duo","¥ 1180"
"https://res.lancome.com.cn/resources/2020/6/30/15935321537183960_460X460.jpg?version=20200623223328916","极光水150ml+小黑瓶30ml","极光嫩肤1+1","Clarifique & Advanced Génifique Facial Duo","¥ 1550"
"https://res.lancome.com.cn/resources/2020/6/30/15935320098757998_460X460.jpg?version=20200623223328916","轻盈版30ml+菁纯精粹水150ml","菁纯面霜+菁纯精萃水","Absolue Rose 80 & Abolue Precious Cells Cream Set","¥ 2240"
"https://res.lancome.com.cn/resources/2020/6/30/15935322437489866_460X460.jpg?version=20200623223328916","套装","大眼精华+发光眼霜","Génifique Yeux Ilumminating & Activating Duo","¥ 1200"
"https://res.lancome.com.cn/resources/2020/6/30/15935321134795306_460X460.jpg?version=20200623223328916","极光水150ml+极光面霜50ml","全新极光1+1","Clarifique Dual Essence&Clarifique Brightening Plumping Milky Cream","¥ 1530"
